"rsn","eqid","ssn","mag","Rrup","Vs30","eqX","eqY","eqZ","staX","staY","tot","eqLat","eqLon","staLat","staLon","Dhyp","fmin_mean_X","T_useable","pSA_0_01","pSA_0_02","pSA_0_03","pSA_0_04","pSA_0_05","pSA_0_075","pSA_0_1","pSA_0_15","pSA_0_2","pSA_0_25","pSA_0_3","pSA_0_4","pSA_0_5","pSA_0_75","pSA_1_0","pSA_1_5","pSA_2_0","pSA_3_0","pSA_4_0","pSA_5_0","pSA_7_5","pSA_10_0","UTMzone"
"2103645gm4","2103645","HDWS",7.1,190.8444624,214,1115.35051921092,4977.07045456003,-22,1282.21040110581,5133.51044129007,0.621103956563114,-45.1929,166.83,-43.88300614,169.0441479,229.3596248,0.018954268,52.7585660390578,0.503690576766825,0.485119835653973,0.552535760203423,0.619329804773845,0.60926775050722,0.575490364877701,0.697627369084048,0.856798088668216,0.621103956563114,0.596679600823961,0.521553188575896,0.261755917148674,0.0656273554259088,0.150622075038653,0.071511536086535,-0.0111957865840902,0.142957460233579,0.0306458138981427,-0.158107041085672,-0.27855120542241,-0.38642622316473,-0.355719759359936,"NZTM2000"
"2103645gm9","2103645","JCWJ",7.1,161.824694,800,1115.35051921092,4977.07045456003,-22,1248.00163423995,5121.83120035233,0.972192048900822,-45.1929,166.83,-43.972337,168.611772,197.2281577,0.020256773,49.3662045775998,0.706589521431722,0.67273403934832,0.696556140258707,0.746813443427215,0.736604940878143,0.628122112123622,0.760391247770565,0.846830817406721,0.972192048900822,0.976077446308937,0.756267112926536,0.45667233258273,0.212504994897378,0.0720107435148356,0.0368974886846651,0.319674719449349,0.306788987390866,0.254561661107528,0.292385537299972,0.0718442895385367,-0.0883521837587642,-0.0559998143534655,"NZTM2000"
"2103645gm14","2103645","MANS",7.1,33.7249939,1500,1115.35051921092,4977.07045456003,-22,1153.14496707967,4943.19852664594,0.217226122524863,-45.1929,166.83,-45.521225,167.278065,55.31493333,0.01,100,0.133909724045947,0.0499526761986919,0.0491864757270714,0.046421146330206,0.0291333681583079,0.0597025654637883,0.202631292609349,0.305888696423928,0.217226122524863,0.274055517438207,0.280793910110383,0.15248269996564,0.239976797776469,0.280817744936371,0.171727812535474,0.24356924395546,0.349571388492544,0.0717014627356425,0.0631122786093594,0.113335315996423,0.0506093135354622,0.06249341505923,"NZTM2000"
