rsn,eqid,ssn,Mw,Rrup,Vs30,period,log10_y_rock,y_rock_g,site_term_ln,site_factor,log10_y_site,y_site_g,dc_0_mean,dc_1e_mean,dc_1as_mean,dc_1bs_mean,c_cap_path_mean,delta_nonergodic_mean,c_cap_path_sig,log10_y_nonergodic,y_nonergodic_g
2103645gm4,2103645,HDWS,7.1,190.8444624,214,0.2,-1.5987716512318961,0.025190010514045683,0.46716042380413,1.5954573322224777,-1.3958864570101779,0.04018958697339549,-0.0330417242755354,0.0007098957854282,0.094332514457615,0.0118318566425118,0.427656515017308,0.5014890576273277,0.112858579398736,-0.8943973993828502,0.12752713429431153
2103645gm9,2103645,JCWJ,7.1,161.824694,800,0.2,-1.4160972142758377,0.03836213644853292,-0.03526926922087971,0.9653454434423631,-1.4314144632792258,0.037032713621305446,-0.0330417242755354,0.0007098957854282,0.231087317174965,0.125713747109457,0.388908254598646,0.7133774903929608,0.10937978631407,-0.718036972886265,0.19140929651932348
2103645gm14,2103645,MANS,7.1,33.7249939,1500,0.2,-0.4375314597470893,0.36514767545754984,-0.416421926038421,0.6594019929116443,-0.6183812043690996,0.24077910490376264,-0.0330417242755354,0.0007098957854282,0.0369158737272815,-0.0140809908711061,0.0264412765924515,0.016944330958519698,0.0402251411056316,-0.6014368734105799,0.2503589529549815
